Date,SPY
2015-01-05,-0.00941918
2015-01-06,0.01246136
2015-01-07,0.01774489
2015-01-08,-0.00801365
2015-01-09,-0.00783360
2015-01-12,-0.00281293
2015-01-13,-0.00603666
2015-01-14,-0.00916051
2015-01-15,0.01311396
2015-01-16,0.00213250
2015-01-20,0.00504749
2015-01-21,0.01487182
2015-01-22,-0.00548280
2015-01-23,0.00234150
2015-01-26,-0.01319034
2015-01-27,-0.01282427
2015-01-28,0.00924318
2015-01-29,-0.01257493
2015-01-30,0.01238427
2015-02-02,0.01446111
2015-02-03,-0.00380785
2015-02-04,0.01009524
2015-02-05,-0.00276522
2015-02-06,-0.00447620
2015-02-09,0.01065356
2015-02-10,0.00058026
2015-02-11,0.00961693
2015-02-12,0.00411653
2015-02-13,0.00157272
2015-02-17,0.00009522
2015-02-18,-0.00071382
2015-02-19,0.00600071
2015-02-20,-0.00014224
2015-02-23,0.00284058
2015-02-24,-0.00084958
2015-02-25,-0.00118135
2015-02-26,-0.00340627
2015-02-27,0.00631365
2015-03-02,-0.00410393
2015-03-03,-0.00421595
2015-03-04,0.00109431
2015-03-05,-0.01406435
2015-03-06,0.00414461
2015-03-09,-0.01622197
2015-03-10,-0.00234183
2015-03-11,0.01271426
2015-03-12,-0.00613255
2015-03-13,0.01336074
2015-03-16,-0.00297249
2015-03-17,0.01202135
2015-03-18,-0.00456137
2015-03-19,0.00882663
2015-03-20,-0.00194853
2015-03-23,-0.00561902
2015-03-24,-0.01465380
2015-03-25,-0.00238127
2015-03-26,0.00228984
2015-03-27,0.01219963
2015-03-30,-0.00873942
2015-03-31,-0.00353633
2015-04-01,0.00359711
2015-04-02,0.00673330
2015-04-06,-0.00264629
2015-04-07,0.00337734
2015-04-08,0.00442336
2015-04-09,0.00545722
2015-04-10,-0.00452291
2015-04-13,0.00191294
2015-04-14,0.00448733
2015-04-15,-0.00028526
2015-04-16,-0.01150352
2015-04-17,0.00913691
2015-04-20,-0.00119120
2015-04-21,0.00491399
2015-04-22,0.00251621
2015-04-23,0.00232020
2015-04-24,-0.00415741
2015-04-27,0.00317845
2015-04-28,-0.00411452
2015-04-29,-0.01002048
2015-04-30,0.01084131
2015-05-01,0.00284778
2015-05-04,-0.01145206
2015-05-05,-0.00411670
2015-05-06,0.00398941
2015-05-07,0.01316593
2015-05-08,-0.00477262
2015-05-11,-0.00299138
2015-05-12,0.00019093
2015-05-13,0.01042755
2015-05-14,0.00108358
2015-05-15,0.00310676
2015-05-18,-0.00032833
2015-05-19,-0.00070397
2015-05-20,0.00291227
2015-05-21,-0.00238900
2015-05-22,-0.01075135
2015-05-26,0.00949204
2015-05-27,-0.00112851
2015-05-28,-0.00621303
2015-05-29,0.00203690
2015-06-01,-0.00099272
2015-06-02,0.00264939
2015-06-03,-0.00844641
2015-06-04,-0.00171312
2015-06-05,-0.00614958
2015-06-08,-0.00014409
2015-06-09,0.01199326
2015-06-10,0.00322390
2015-06-11,-0.00765533
2015-06-12,-0.00428524
2015-06-15,0.00545156
2015-06-16,0.00161706
2015-06-17,0.01039950
2015-06-18,-0.00443912
2015-06-19,0.00512285
2015-06-22,0.00070818
2015-06-23,-0.00726335
2015-06-24,-0.00304037
2015-06-25,-0.00019046
2015-06-26,-0.02097005
2015-06-29,0.00209303
2015-06-30,0.00801568
2015-07-01,-0.00091553
2015-07-02,-0.00284611
2015-07-06,0.00628895
2015-07-07,-0.01677736
2015-07-08,0.00180892
2015-07-09,0.01259138
2015-07-10,0.01103759
2015-07-13,0.00433773
2015-07-14,-0.00033230
2015-07-15,0.00802438
2015-07-16,0.00084780
2015-07-17,0.00051777
2015-07-20,-0.00395113
2015-07-21,-0.00179456
2015-07-22,-0.00563020
2015-07-23,-0.01037203
2015-07-24,-0.00581715
2015-07-27,0.01228284
2015-07-28,0.00687917
2015-07-29,0.00023743
2015-07-30,-0.00151844
2015-07-31,-0.00337270
2015-08-03,-0.00195409
2015-08-04,0.00329546
2015-08-05,-0.00818792
2015-08-06,-0.00191968
2015-08-07,0.01259908
2015-08-10,-0.00902308
2015-08-11,0.00119797
2015-08-12,-0.00124441
2015-08-13,0.00364236
2015-08-14,0.00558650
2015-08-17,-0.00289651
2015-08-18,-0.00790531
2015-08-19,-0.02088151
2015-08-20,-0.03010226
2015-08-21,-0.04210706
2015-08-24,-0.01176752
2015-08-25,0.03839343
2015-08-26,0.02473559
2015-08-27,0.00004992
2015-08-28,-0.00807947
2015-08-31,-0.02984763
2015-09-01,0.01898133
2015-09-02,0.00071654
2015-09-03,-0.01513684
2015-09-04,0.02513118
2015-09-08,-0.01337201
2015-09-09,0.00544148
2015-09-10,0.00454464
2015-09-11,-0.00371025
2015-09-14,0.01249905
2015-09-15,0.00866674
2015-09-16,-0.00224783
2015-09-17,-0.01634155
2015-09-18,0.00516760
2015-09-21,-0.01297983
2015-09-22,-0.00159892
2015-09-23,-0.00361569
2015-09-24,-0.00025911
2015-09-25,-0.02509700
2015-09-28,0.00058501
2015-09-29,0.01865853
2015-09-30,0.00260897
2015-10-01,0.01493788
2015-10-02,0.01779492
2015-10-05,-0.00342634
2015-10-06,0.00819044
2015-10-07,0.00902673
2015-10-08,0.00059635
2015-10-09,0.00094364
2015-10-12,-0.00630218
2015-10-13,-0.00479386
2015-10-14,0.01535440
2015-10-15,0.00454689
2015-10-16,0.00049197
2015-10-19,-0.00127859
2015-10-20,-0.00620342
2015-10-21,0.01689339
2015-10-22,0.01096168
2015-10-23,-0.00245717
2015-10-26,-0.00193284
2015-10-27,0.01137462
2015-10-28,-0.00057409
2015-10-29,-0.00430964
2015-10-30,0.01183074
2015-11-02,0.00289954
2015-11-03,-0.00303322
2015-11-04,-0.00099867
2015-11-05,-0.00052312
2015-11-06,-0.00933160
2015-11-09,0.00230699
2015-11-10,-0.00393201
2015-11-11,-0.01395962
2015-11-12,-0.01122816
2015-11-13,0.01520689
2015-11-16,-0.00072960
2015-11-17,0.01586598
2015-11-18,-0.00086243
2015-11-19,0.00364448
2015-11-20,-0.00114689
2015-11-23,0.00133960
2015-11-24,-0.00014353
2015-11-25,0.00114649
2015-11-27,-0.00415159
2015-11-30,0.00953560
2015-12-01,-0.01020493
2015-12-02,-0.01400251
2015-12-03,0.01950276
2015-12-04,-0.00605875
2015-12-07,-0.00671926
2015-12-08,-0.00777966
2015-12-09,0.00258084
2015-12-10,-0.01938086
2015-12-11,0.00505220
2015-12-14,0.01049815
2015-12-15,0.01463187
2015-12-16,-0.01523802
2015-12-17,-0.01781504
2015-12-18,0.00824910
2015-12-21,0.00907419
2015-12-22,0.01238301
2015-12-23,-0.00164999
2015-12-24,-0.00228519
2015-12-28,0.01067187
2015-12-29,-0.00708790
2015-12-30,-0.01000302
2015-12-31,-0.01397976
2016-01-04,0.00169139
2016-01-05,-0.01261419
2016-01-06,-0.02399145
2016-01-07,-0.01097684
2016-01-08,0.00099022
2016-01-11,0.00806838
2016-01-12,-0.02494074
2016-01-13,0.01641688
2016-01-14,-0.02146610
2016-01-15,0.00133112
2016-01-19,-0.01281523
2016-01-20,0.00560206
2016-01-21,0.02051537
2016-01-22,-0.01511660
2016-01-25,0.01364338
2016-01-26,-0.01088362
2016-01-27,0.00520933
2016-01-28,0.02437746
2016-01-29,-0.00036166
2016-02-01,-0.01802236
2016-02-02,0.00599546
2016-02-03,0.00156817
2016-02-04,-0.01904994
2016-02-05,-0.01346119
2016-02-08,0.00005392
2016-02-09,-0.00086273
2016-02-10,-0.01300830
2016-02-11,0.02061690
2016-02-12,0.01687846
2016-02-16,0.01633451
2016-02-17,-0.00409584
2016-02-18,-0.00046865
2016-02-19,0.01447904
2016-02-22,-0.01262921
2016-02-23,0.00457548
2016-02-24,0.01211183
2016-02-25,-0.00230125
2016-02-26,-0.00784227
2016-02-29,0.02350662
2016-03-01,0.00449241
2016-03-02,0.00391973
2016-03-03,0.00325336
2016-03-04,0.00079852
2016-03-07,-0.01091776
2016-03-08,0.00493931
2016-03-09,0.00080255
2016-03-10,0.01613702
2016-03-11,-0.00128211
2016-03-14,-0.00162992
2016-03-15,0.00578731
2016-03-16,0.00634407
2016-03-17,0.00392978
2016-03-18,0.00141886
2016-03-21,-0.00053749
2016-03-22,-0.00659951
2016-03-23,-0.00044293
2016-03-24,0.00059074
2016-03-28,0.00925015
2016-03-29,0.00438766
2016-03-30,-0.00242679
2016-03-31,0.00681181
2016-04-01,-0.00323795
2016-04-04,-0.00998795
2016-04-05,0.01092134
2016-04-06,-0.01196594
2016-04-07,0.00269721
2016-04-08,-0.00234745
2016-04-11,0.00931265
2016-04-12,0.01010109
2016-04-13,0.00004817
2016-04-14,-0.00110554
2016-04-15,0.00702660
2016-04-18,0.00315409
2016-04-19,0.00095282
2016-04-20,-0.00537838
2016-04-21,0.00000000
2016-04-22,-0.00172261
2016-04-25,0.00148588
2016-04-26,0.00205828
2016-04-27,-0.00907580
2016-04-28,-0.00539870
2016-04-29,0.00794834
2016-05-02,-0.00870324
2016-05-03,-0.00557836
2016-05-04,-0.00019504
2016-05-05,0.00365926
2016-05-06,0.00082626
2016-05-09,0.01243390
2016-05-10,-0.00935496
2016-05-11,0.00029067
2016-05-12,-0.00871449
2016-05-13,0.00986553
2016-05-16,-0.00933335
2016-05-17,0.00029275
2016-05-18,-0.00346511
2016-05-19,0.00631747
2016-05-20,-0.00136261
2016-05-23,0.01296262
2016-05-24,0.00678257
2016-05-25,0.00028706
2016-05-26,0.00429887
2016-05-27,-0.00190256
2016-05-31,0.00204951
2016-06-01,0.00304351
2016-06-02,-0.00298703
2016-06-03,0.00508833
2016-06-06,0.00156159
2016-06-07,0.00325929
2016-06-08,-0.00136531
2016-06-09,-0.00947769
2016-06-10,-0.00771145
2016-06-13,-0.00196679
2016-06-14,-0.00139424
2016-06-15,0.00298441
2016-06-16,-0.00372434
2016-06-17,0.00644000
2016-06-20,0.00283890
2016-06-21,-0.00163129
2016-06-22,0.01302271
2016-06-23,-0.03590919
2016-06-24,-0.01790982
2016-06-27,0.01803590
2016-06-28,0.01702749
2016-06-29,0.01364576
2016-06-30,0.00210059
2016-07-01,-0.00719336
2016-07-05,0.00599774
2016-07-06,-0.00062011
2016-07-07,0.01489045
2016-07-08,0.00352732
2016-07-11,0.00726313
2016-07-12,-0.00013977
2016-07-13,0.00558353
2016-07-14,-0.00134183
2016-07-15,0.00268776
2016-07-18,-0.00101707
2016-07-19,0.00416323
2016-07-20,-0.00377713
2016-07-21,0.00448502
2016-07-22,-0.00271603
2016-07-25,0.00046168
2016-07-26,-0.00106105
2016-07-27,0.00115457
2016-07-28,0.00161466
2016-07-29,-0.00082906
2016-08-01,-0.00640740
2016-08-02,0.00292253
2016-08-03,0.00106450
2016-08-04,0.00817860
2016-08-05,-0.00059581
2016-08-08,0.00059617
2016-08-09,-0.00247494
2016-08-10,0.00464030
2016-08-11,-0.00086868
2016-08-12,0.00288384
2016-08-15,-0.00515792
2016-08-16,0.00188119
2016-08-17,0.00224377
2016-08-18,-0.00146197
2016-08-19,-0.00004569
2016-08-22,0.00201351
2016-08-23,-0.00511491
2016-08-24,-0.00068863
2016-08-25,-0.00188336
2016-08-26,0.00492462
2016-08-29,-0.00164871
2016-08-30,-0.00284421
2016-08-31,0.00004626
2016-09-01,0.00450768
2016-09-02,0.00302253
2016-09-06,-0.00009158
2016-09-07,-0.00228280
2016-09-08,-0.02393486
2016-09-09,0.01434734
2016-09-12,-0.01437541
2016-09-13,-0.00037519
2016-09-14,0.00999287
2016-09-15,-0.00386550
2016-09-16,0.00018731
2016-09-19,0.00004688
2016-09-20,0.01124535
2016-09-21,0.00630180
2016-09-22,-0.00547967
2016-09-23,-0.00810193
2016-09-26,0.00620793
2016-09-27,0.00496348
2016-09-28,-0.00904730
2016-09-29,0.00754616
2016-09-30,-0.00240406
2016-10-03,-0.00509784
2016-10-04,0.00442538
2016-10-05,0.00069550
2016-10-06,-0.00342944
2016-10-07,0.00520893
2016-10-10,-0.01263006
2016-10-11,0.00131199
2016-10-12,-0.00327548
2016-10-13,0.00051617
2016-10-14,-0.00347208
2016-10-17,0.00626246
2016-10-18,0.00266720
2016-10-19,-0.00186676
2016-10-20,0.00046754
2016-10-21,0.00425283
2016-10-24,-0.00335069
2016-10-25,-0.00200786
2016-10-26,-0.00266658
2016-10-27,-0.00295548
2016-10-28,0.00004699
2016-10-31,-0.00724521
2016-11-01,-0.00601863
2016-11-02,-0.00457698
2016-11-03,-0.00110186
2016-11-04,0.02205716
2016-11-07,0.00450400
2016-11-08,0.01060171
2016-11-09,0.00249573
2016-11-10,-0.00230495
2016-11-11,0.00078558
2016-11-14,0.00780256
2016-11-15,-0.00187855
2016-11-16,0.00514078
2016-11-17,-0.00223747
2016-11-18,0.00755160
2016-11-21,0.00195316
2016-11-22,0.00054446
2016-11-23,0.00371509
2016-11-25,-0.00469507
2016-11-28,0.00195032
2016-11-29,-0.00239903
2016-11-30,-0.00367565
2016-12-01,0.00050107
2016-12-02,0.00600882
2016-12-05,0.00316719
2016-12-06,0.01308085
2016-12-07,0.00244870
2016-12-08,0.00604050
2016-12-09,-0.00114773
2016-12-12,0.00667391
2016-12-13,-0.00825407
2016-12-14,0.00411721
2016-12-15,-0.00195605
2016-12-16,0.00217745
2016-12-19,0.00385757
2016-12-20,-0.00278261
2016-12-21,-0.00172736
2016-12-22,0.00146415
2016-12-23,0.00248124
2016-12-27,-0.00826471
2016-12-28,-0.00022280
2016-12-29,-0.00365494
2016-12-30,0.00764998
2017-01-03,0.00594934
2017-01-04,-0.00079467
2017-01-05,0.00357783
2017-01-06,-0.00330079
2017-01-09,0.00000000
2017-01-10,0.00282603
2017-01-11,-0.00251009
2017-01-12,0.00229562
2017-01-13,-0.00352347
2017-01-17,0.00220992
2017-01-18,-0.00370453
2017-01-19,0.00367404
2017-01-20,-0.00260188
2017-01-23,0.00641169
2017-01-24,0.00865567
2017-01-25,-0.00104573
2017-01-26,-0.00156958
2017-01-27,-0.00620186
2017-01-30,-0.00008781
2017-01-31,0.00039552
2017-02-01,0.00065909
2017-02-02,0.00689297
2017-02-03,-0.00178797
2017-02-06,0.00004368
2017-02-07,0.00131059
2017-02-08,0.00593262
2017-02-09,0.00394567
2017-02-10,0.00544307
2017-02-13,0.00399541
2017-02-14,0.00522024
2017-02-15,-0.00085128
2017-02-16,0.00157607
2017-02-17,0.00595490
2017-02-21,-0.00088754
2017-02-22,0.00067696
2017-02-23,0.00126901
2017-02-24,0.00156284
2017-02-27,-0.00269909
2017-02-28,0.01399743
2017-03-01,-0.00629721
2017-03-02,0.00062941
2017-03-03,-0.00297784
2017-03-06,-0.00298681
2017-03-07,-0.00185676
2017-03-08,0.00126859
2017-03-09,0.00350382
2017-03-10,0.00050489
2017-03-13,-0.00382686
2017-03-14,0.00865377
2017-03-15,-0.00196678
2017-03-16,-0.00175644
2017-03-17,-0.00109686
2017-03-20,-0.01283940
2017-03-21,0.00235301
2017-03-22,-0.00106702
2017-03-23,-0.00072649
2017-03-24,-0.00102614
2017-03-27,0.00727671
2017-03-28,0.00093493
2017-03-29,0.00318431
2017-03-30,-0.00232782
2017-03-31,-0.00173925
2017-04-03,0.00063741
2017-04-04,-0.00297261
2017-04-05,0.00281126
2017-04-06,-0.00101948
2017-04-07,0.00059514
2017-04-10,-0.00118987
2017-04-11,-0.00438165
2017-04-12,-0.00649494
2017-04-13,0.00885971
2017-04-17,-0.00298414
2017-04-18,-0.00183852
2017-04-19,0.00813904
2017-04-20,-0.00318664
2017-04-21,0.01099770
2017-04-24,0.00581875
2017-04-25,-0.00062881
2017-04-26,0.00083911
2017-04-27,-0.00217951
2017-04-28,0.00251999
2017-05-01,0.00037717
2017-05-02,-0.00121455
2017-05-03,0.00117420
2017-05-04,0.00393685
2017-05-05,-0.00016687
2017-05-08,-0.00091822
2017-05-09,0.00179612
2017-05-10,-0.00204273
2017-05-11,-0.00167092
2017-05-12,0.00552348
2017-05-15,-0.00091578
2017-05-16,-0.01774397
2017-05-17,0.00402852
2017-05-18,0.00650424
2017-05-19,0.00507740
2017-05-22,0.00221285
2017-05-23,0.00233261
2017-05-24,0.00477951
2017-05-25,-0.00020663
2017-05-26,-0.00086903
2017-05-30,-0.00024822
2017-05-31,0.00795219
2017-06-01,0.00332838
2017-06-02,-0.00073716
2017-06-05,-0.00319687
2017-06-06,0.00185043
2017-06-07,0.00049233
2017-06-08,-0.00151759
2017-06-09,-0.00020559
2017-06-12,0.00489001
2017-06-13,-0.00126769
2017-06-14,-0.00192422
2017-06-15,0.00021835
2017-06-16,0.00832491
2017-06-19,-0.00674391
2017-06-20,-0.00024684
2017-06-21,-0.00045288
2017-06-22,0.00119442
2017-06-23,0.00065802
2017-06-26,-0.00805618
2017-06-27,0.00895048
2017-06-28,-0.00878913
2017-06-29,0.00186452
2017-06-30,0.00169578
2017-07-03,0.00231209
2017-07-05,-0.00914462
2017-07-06,0.00648526
2017-07-07,0.00107382
2017-07-10,-0.00074270
2017-07-11,0.00751459
2017-07-12,0.00168057
2017-07-13,0.00466394
2017-07-14,-0.00012210
2017-07-17,0.00052954
2017-07-18,0.00541383
2017-07-19,0.00044533
2017-07-20,-0.00089020
2017-07-21,-0.00024311
2017-07-24,0.00243102
2017-07-25,0.00004018
2017-07-26,-0.00092941
2017-07-27,-0.00117300
2017-07-28,-0.00056706
2017-07-31,0.00222886
2017-08-01,0.00048501
2017-08-02,-0.00193987
2017-08-03,0.00182244
2017-08-04,0.00185924
2017-08-07,-0.00246133
2017-08-08,-0.00004035
2017-08-09,-0.01411505
2017-08-10,0.00147649
2017-08-11,0.00991316
2017-08-14,-0.00012162
2017-08-15,0.00174447
2017-08-16,-0.01559082
2017-08-17,-0.00156322
2017-08-18,0.00078262
2017-08-21,0.01045722
2017-08-22,-0.00358524
2017-08-23,-0.00233095
2017-08-24,0.00233640
2017-08-25,0.00004058
2017-08-28,0.00114503
2017-08-29,0.00473746
2017-08-30,0.00601603
2017-08-31,0.00141428
2017-09-01,-0.00718204
2017-09-05,0.00341366
2017-09-06,-0.00012137
2017-09-07,-0.00117464
2017-09-08,0.01066588
2017-09-11,0.00337058
2017-09-12,0.00047999
2017-09-13,-0.00031982
2017-09-14,0.00134618
2017-09-15,0.00212693
2017-09-18,0.00100084
2017-09-19,0.00036015
2017-09-20,-0.00267924
2017-09-21,0.00020057
2017-09-22,-0.00204450
2017-09-25,0.00060241
2017-09-26,0.00389430
2017-09-27,0.00119984
2017-09-28,0.00351507
2017-09-29,0.00433869
2017-10-02,0.00213996
2017-10-03,0.00118665
2017-10-04,0.00592497
2017-10-05,-0.00113866
2017-10-06,-0.00165136
2017-10-09,0.00263847
2017-10-10,0.00157101
2017-10-11,-0.00149007
2017-10-12,0.00121741
2017-10-13,0.00133370
2017-10-16,0.00070509
2017-10-17,0.00097832
2017-10-18,0.00027373
2017-10-19,0.00516055
2017-10-20,-0.00388945
2017-10-23,0.00175704
2017-10-24,-0.00494982
2017-10-25,0.00129236
2017-10-26,0.00817631
2017-10-27,-0.00372503
2017-10-30,0.00155777
2017-10-31,0.00132236
2017-11-01,0.00038826
2017-11-02,0.00333872
2017-11-03,0.00154773
2017-11-06,-0.00069539
2017-11-07,0.00170074
2017-11-08,-0.00362760
2017-11-09,-0.00030999
2017-11-10,0.00092999
2017-11-13,-0.00232264
2017-11-14,-0.00500513
2017-11-15,0.00850082
2017-11-16,-0.00293867
2017-11-17,0.00170642
2017-11-20,0.00654265
2017-11-21,-0.00088440
2017-11-22,0.00230952
2017-11-24,-0.00049904
2017-11-27,0.01014486
2017-11-28,-0.00060870
2017-11-29,0.00875531
2017-11-30,-0.00207567
2017-12-01,-0.00121001
2017-12-04,-0.00359689
2017-12-05,0.00018986
2017-12-06,0.00315326
2017-12-07,0.00545303
2017-12-08,0.00301334
2017-12-11,0.00176437
2017-12-12,-0.00011216
2017-12-13,-0.00408620
2017-12-14,0.00832749
2017-12-15,0.00634106
2017-12-18,-0.00384014
2017-12-19,-0.00052449
2017-12-20,0.00206001
2017-12-21,-0.00026155
2017-12-22,-0.00119612
2017-12-26,0.00048658
2017-12-27,0.00205726
2017-12-28,-0.00377054
2017-12-29,0.00715712
2018-01-02,0.00632565
2018-01-03,0.00421447
2018-01-04,0.00666423
2018-01-05,0.00182859
2018-01-08,0.00226332
2018-01-09,-0.00152986
2018-01-10,0.00729639
2018-01-11,0.00651867
2018-01-12,-0.00341828
2018-01-16,0.00953178
2018-01-17,-0.00168115
2018-01-18,0.00454969
2018-01-19,0.00813107
2018-01-22,0.00212261
2018-01-23,-0.00038834
2018-01-24,0.00042343
2018-01-25,0.01157802
2018-01-26,-0.00662968
2018-01-29,-0.01025700
2018-01-30,0.00049666
2018-01-31,-0.00113506
2018-02-01,-0.02176986
2018-02-02,-0.04182261
2018-02-05,0.01970231
2018-02-06,-0.00542527
2018-02-07,-0.03750866
2018-02-08,0.01502151
2018-02-09,0.01468463
2018-02-12,0.00248690
2018-02-13,0.01349647
2018-02-14,0.01276026
2018-02-15,0.00029283
2018-02-16,-0.00626110
2018-02-20,-0.00497428
2018-02-21,0.00129607
2018-02-22,0.01593920
2018-02-23,0.01161237
2018-02-26,-0.01248656
2018-02-27,-0.01013024
2018-02-28,-0.01454056
2018-03-01,0.00515527
2018-03-02,0.01155763
2018-03-05,0.00253515
2018-03-06,-0.00036652
2018-03-07,0.00483916
2018-03-08,0.01740244
2018-03-09,-0.00125507
2018-03-12,-0.00646262
2018-03-13,-0.00513188
2018-03-14,-0.00108976
2018-03-15,0.00108456
2018-03-16,-0.01353035
2018-03-19,0.00170081
2018-03-20,-0.00191933
2018-03-21,-0.02499723
2018-03-22,-0.02131462
2018-03-23,0.02735911
2018-03-26,-0.01701152
2018-03-27,-0.00295489
2018-03-28,0.01277746
2018-03-29,-0.02158464
2018-04-02,0.01281696
2018-04-03,0.01069903
2018-04-04,0.00789219
2018-04-05,-0.02228602
2018-04-06,0.00492842
2018-04-09,0.01590046
2018-04-10,-0.00524230
2018-04-11,0.00822698
2018-04-12,-0.00293292
2018-04-13,0.00822193
2018-04-16,0.01069846
2018-04-17,0.00073992
2018-04-18,-0.00554742
2018-04-19,-0.00847944
2018-04-20,-0.00014992
2018-04-23,-0.01346722
2018-04-24,0.00247140
2018-04-25,0.01016595
2018-04-26,0.00093870
2018-04-27,-0.00769059
2018-04-30,0.00177678
2018-05-01,-0.00671748
2018-05-02,-0.00220344
2018-05-03,0.01294644
2018-05-04,0.00338301
2018-05-07,0.00000000
2018-05-08,0.00966622
2018-05-09,0.00935019
2018-05-10,0.00305138
2018-05-11,0.00047654
2018-05-14,-0.00688717
2018-05-15,0.00420519
2018-05-16,-0.00084484
2018-05-17,-0.00249994
2018-05-18,0.00751869
2018-05-21,-0.00278031
2018-05-22,0.00275115
2018-05-23,-0.00204844
2018-05-24,-0.00238281
2018-05-25,-0.01150072
2018-05-29,0.01334444
2018-05-30,-0.00612576
2018-05-31,0.00981746
2018-06-01,0.00475169
2018-06-04,0.00072712
2018-06-05,0.00836087
2018-06-06,-0.00010831
2018-06-07,0.00295618
2018-06-08,0.00133052
2018-06-11,0.00129208
2018-06-12,-0.00319078
2018-06-13,0.00251738
2018-06-14,-0.00127527
2018-06-15,-0.00205687
2018-06-18,-0.00383298
2018-06-19,0.00170597
2018-06-20,-0.00626871
2018-06-21,0.00182313
2018-06-22,-0.01361280
2018-06-25,0.00221415
2018-06-26,-0.00828412
2018-06-27,0.00571706
2018-06-28,0.00144002
2018-06-29,0.00213783
2018-07-02,-0.00353138
2018-07-03,0.00815820
2018-07-05,0.00845812
2018-07-06,0.00900436
2018-07-09,0.00359830
2018-07-10,-0.00731421
2018-07-11,0.00906600
2018-07-12,0.00078754
2018-07-13,-0.00089421
2018-07-16,0.00404534
2018-07-17,0.00210331
2018-07-18,-0.00377131
2018-07-19,-0.00114313
2018-07-20,0.00185948
2018-07-23,0.00503201
2018-07-24,0.00852275
2018-07-25,-0.00235924
2018-07-26,-0.00677653
2018-07-27,-0.00522326
2018-07-30,0.00492929
2018-07-31,-0.00167019
2018-08-01,0.00544728
2018-08-02,0.00428462
2018-08-03,0.00366750
2018-08-06,0.00330214
2018-08-07,-0.00042004
2018-08-08,-0.00136616
2018-08-09,-0.00670027
2018-08-10,-0.00374316
2018-08-13,0.00638043
2018-08-14,-0.00746728
2018-08-15,0.00809141
2018-08-16,0.00352033
2018-08-17,0.00213954
2018-08-20,0.00234577
2018-08-21,-0.00059377
2018-08-22,-0.00132801
2018-08-23,0.00601844
2018-08-24,0.00789561
2018-08-27,0.00048285
2018-08-28,0.00538106
2018-08-29,-0.00404855
2018-08-30,0.00003486
2018-08-31,-0.00172227
2018-09-04,-0.00269190
2018-09-05,-0.00301000
2018-09-06,-0.00194320
2018-09-07,0.00173850
2018-09-10,0.00329761
2018-09-11,0.00024186
2018-09-12,0.00591442
2018-09-13,0.00017232
2018-09-14,-0.00529431
2018-09-17,0.00542610
2018-09-18,0.00106559
2018-09-19,0.00810363
2018-09-20,-0.00091349
2018-09-21,-0.00332200
2018-09-24,-0.00092778
2018-09-25,-0.00299228
2018-09-26,0.00279406
2018-09-27,0.00010384
2018-09-28,0.00347358
2018-10-01,-0.00058268
2018-10-02,0.00054882
2018-10-03,-0.00781578
2018-10-04,-0.00559673
2018-10-05,0.00000000
2018-10-08,-0.00145941
2018-10-09,-0.03166311
2018-10-10,-0.02202675
2018-10-11,0.01388829
2018-10-12,-0.00561659
2018-10-15,0.02186550
2018-10-16,0.00017835
2018-10-17,-0.01444076
2018-10-18,-0.00054285
2018-10-19,-0.00448903
2018-10-22,-0.00509069
2018-10-23,-0.03029831
2018-10-24,0.01794036
2018-10-25,-0.01758732
2018-10-26,-0.00554011
2018-10-29,0.01481849
2018-10-30,0.01068091
2018-10-31,0.01064160
2018-11-01,-0.00592301
2018-11-02,0.00551703
2018-11-05,0.00632792
2018-11-06,0.02140887
2018-11-07,-0.00181497
2018-11-08,-0.00976821
2018-11-09,-0.01868539
2018-11-12,-0.00187105
2018-11-13,-0.00683650
2018-11-14,0.01043693
2018-11-15,0.00260032
2018-11-16,-0.01691462
2018-11-19,-0.01850606
2018-11-20,0.00340769
2018-11-21,-0.00667878
2018-11-23,0.01614414
2018-11-26,0.00336463
2018-11-27,0.02302516
2018-11-28,-0.00218498
2018-11-29,0.00609537
2018-11-30,0.01324122
2018-12-03,-0.03240202
2018-12-04,-0.00151739
2018-12-06,-0.02323618
2018-12-07,0.00189736
2018-12-10,0.00022688
2018-12-11,0.00503542
2018-12-12,-0.00033889
2018-12-13,-0.01846488
2018-12-14,-0.01961824
2018-12-17,-0.00109659
2018-12-18,-0.01497541
2018-12-19,-0.01627808
2018-12-20,-0.02048952
2018-12-21,-0.02642300
2018-12-24,0.05052483
2018-12-26,0.00767735
2018-12-27,-0.00128995
2018-12-28,0.00875876
2018-12-31,0.00104044
2019-01-02,-0.02386295
2019-01-03,0.03349587
2019-01-04,0.00788458
2019-01-07,0.00939534
2019-01-08,0.00467348
2019-01-09,0.00352762
2019-01-10,0.00038620
2019-01-11,-0.00610083
2019-01-14,0.01146069
2019-01-15,0.00242007
2019-01-16,0.00758656
2019-01-17,0.01330994
2019-01-18,-0.01351064
2019-01-22,0.00209262
2019-01-23,0.00053137
2019-01-24,0.00846154
2019-01-25,-0.00760020
2019-01-28,-0.00132706
2019-01-29,0.01583091
2019-01-30,0.00878246
2019-01-31,0.00048138
2019-02-01,0.00703582
2019-02-04,0.00419175
2019-02-05,-0.00131810
2019-02-06,-0.00953322
2019-02-07,0.00122176
2019-02-08,0.00055409
2019-02-11,0.01285981
2019-02-12,0.00324690
2019-02-13,-0.00221809
2019-02-14,0.01089695
2019-02-15,0.00173102
2019-02-19,0.00201510
2019-02-20,-0.00355562
2019-02-21,0.00619955
2019-02-22,0.00136151
2019-02-25,-0.00071566
2019-02-26,-0.00042940
2019-02-27,-0.00186254
2019-02-28,0.00624363
2019-03-01,-0.00363733
2019-03-04,-0.00135982
2019-03-05,-0.00605735
2019-03-06,-0.00836549
2019-03-07,-0.00199961
2019-03-08,0.01450149
2019-03-11,0.00377079
2019-03-12,0.00661884
2019-03-13,-0.00063905
2019-03-14,0.00493996
2019-03-15,0.00362609
2019-03-18,0.00024769
2019-03-19,-0.00300990
2019-03-20,0.01129540
2019-03-21,-0.01924667
2019-03-22,-0.00075199
2019-03-25,0.00745398
2019-03-26,-0.00522922
2019-03-27,0.00379023
2019-03-28,0.00630594
2019-03-29,0.01185922
2019-04-01,0.00048920
2019-04-02,0.00157407
2019-04-03,0.00265335
2019-04-04,0.00484024
2019-04-05,0.00076226
2019-04-08,-0.00512481
2019-04-09,0.00341131
2019-04-10,-0.00027797
2019-04-11,0.00676591
2019-04-12,-0.00065453
2019-04-15,0.00065495
2019-04-16,-0.00244698
2019-04-17,0.00196944
2019-04-18,0.00086193
2019-04-22,0.00899185
2019-04-23,-0.00221953
2019-04-24,-0.00061577
2019-04-25,0.00465676
2019-04-26,0.00156767
2019-04-29,0.00051054
2019-04-30,-0.00751678
2019-05-01,-0.00215876
2019-05-02,0.00978754
2019-05-03,-0.00411490
2019-05-06,-0.01669995
2019-05-07,-0.00138892
2019-05-08,-0.00302596
2019-05-09,0.00502317
2019-05-10,-0.02513014
2019-05-13,0.00904377
2019-05-14,0.00585735
2019-05-15,0.00926160
2019-05-16,-0.00646517
2019-05-17,-0.00661200
2019-05-20,0.00901570
2019-05-21,-0.00307165
2019-05-22,-0.01221844
2019-05-23,0.00226808
2019-05-24,-0.00930042
2019-05-28,-0.00671065
2019-05-29,0.00273148
2019-05-30,-0.01347564
2019-05-31,-0.00254282
2019-06-03,0.02170638
2019-06-04,0.00866205
2019-06-05,0.00650335
2019-06-06,0.01000667
2019-06-07,0.00458887
2019-06-10,-0.00024212
2019-06-11,-0.00176553
2019-06-12,0.00412635
2019-06-13,-0.00110473
2019-06-14,0.00038010
2019-06-17,0.01047061
2019-06-18,0.00225739
2019-06-19,0.00955441
2019-06-20,-0.00145359
2019-06-21,-0.00122447
2019-06-24,-0.00980778
2019-06-25,-0.00099762
2019-06-26,0.00354621
2019-06-27,0.00514562
2019-06-28,0.00907855
2019-07-01,0.00260458
2019-07-02,0.00799474
2019-07-03,-0.00113794
2019-07-05,-0.00549455
2019-07-08,0.00124661
2019-07-09,0.00477819
2019-07-10,0.00234400
2019-07-11,0.00447679
2019-07-12,0.00033282
2019-07-15,-0.00322526
2019-07-16,-0.00680496
2019-07-17,0.00366082
2019-07-18,-0.00555517
2019-07-19,0.00245677
2019-07-22,0.00714982
2019-07-23,0.00469956
2019-07-24,-0.00477711
2019-07-25,0.00670018
2019-07-26,-0.00182135
2019-07-29,-0.00245484
2019-07-30,-0.01094029
2019-07-31,-0.00870778
2019-08-01,-0.00752998
2019-08-02,-0.03007280
2019-08-05,0.01402315
2019-08-06,0.00059089
2019-08-07,0.01962006
2019-08-08,-0.00681186
2019-08-09,-0.01217336
2019-08-12,0.01555190
2019-08-13,-0.02956755
2019-08-14,0.00264174
2019-08-15,0.01475516
2019-08-16,0.01204743
2019-08-19,-0.00766252
2019-08-20,0.00813573
2019-08-21,-0.00030811
2019-08-22,-0.02568728
2019-08-23,0.01105837
2019-08-26,-0.00392360
2019-08-27,0.00704156
2019-08-28,0.01277309
2019-08-29,-0.00044420
2019-08-30,-0.00584760
2019-09-03,0.01135065
2019-09-04,0.01285548
2019-09-05,0.00077193
2019-09-06,0.00050354
2019-09-09,-0.00023472
2019-09-10,0.00711102
2019-09-11,0.00346364
2019-09-12,-0.00066379
2019-09-13,-0.00308902
2019-09-16,0.00253203
2019-09-17,0.00059855
2019-09-18,-0.00006680
2019-09-19,-0.00472470
2019-09-20,-0.00023436
2019-09-23,-0.00784705
2019-09-24,0.00591461
2019-09-25,-0.00208323
2019-09-26,-0.00538698
2019-09-27,0.00463753
2019-09-30,-0.01189476
2019-10-01,-0.01766457
2019-10-02,0.00819293
2019-10-03,0.01353197
2019-10-04,-0.00431478
2019-10-07,-0.01552467
2019-10-08,0.00949636
2019-10-09,0.00676343
2019-10-10,0.01036704
2019-10-11,-0.00111362
2019-10-14,0.00990015
2019-10-15,-0.00160588
2019-10-16,0.00294923
2019-10-17,-0.00437738
2019-10-18,0.00677899
2019-10-21,-0.00326673
2019-10-22,0.00290973
2019-10-23,0.00163413
2019-10-24,0.00409477
2019-10-25,0.00563661
2019-10-28,-0.00029660
2019-10-29,0.00306740
2019-10-30,-0.00266350
2019-10-31,0.00926392
2019-11-01,0.00401781
2019-11-04,-0.00110612
2019-11-05,0.00022768
2019-11-06,0.00351696
2019-11-07,0.00246584
2019-11-08,-0.00190937
2019-11-11,0.00210770
2019-11-12,0.00032396
2019-11-13,0.00145552
2019-11-14,0.00723652
2019-11-15,0.00073770
2019-11-18,-0.00028853
2019-11-19,-0.00371859
2019-11-20,-0.00160908
2019-11-21,0.00222360
2019-11-22,0.00775011
2019-11-25,0.00226592
2019-11-26,0.00445722
2019-11-27,-0.00370816
2019-11-29,-0.00849505
2019-12-02,-0.00670648
2019-12-03,0.00617021
2019-12-04,0.00179825
2019-12-05,0.00913370
2019-12-06,-0.00314404
2019-12-09,-0.00111507
2019-12-10,0.00283894
2019-12-11,0.00861889
2019-12-12,0.00059922
2019-12-13,0.00687015
2019-12-16,0.00021880
2019-12-17,0.00006254
2019-12-18,0.00409889
2019-12-19,0.00438422
2019-12-20,0.00152778
2019-12-23,0.00003111
2019-12-24,0.00532333
2019-12-26,-0.00024769
2019-12-27,-0.00551326
2019-12-30,0.00242945
2019-12-31,0.00935194
2020-01-02,-0.00757239
2020-01-03,0.00381504
2020-01-06,-0.00281139
2020-01-07,0.00532935
2020-01-08,0.00678066
2020-01-09,-0.00287799
2020-01-10,0.00687737
2020-01-13,-0.00152472
2020-01-14,0.00225989
2020-01-15,0.00831835
2020-01-16,0.00311278
2020-01-17,-0.00195798
2020-01-21,0.00012027
2020-01-22,0.00114705
2020-01-23,-0.00889319
2020-01-24,-0.01602935
2020-01-27,0.01047907
2020-01-28,-0.00082583
2020-01-29,0.00324535
2020-01-30,-0.01815796
2020-01-31,0.00742853
2020-02-03,0.01524141
2020-02-04,0.01154822
2020-02-05,0.00336447
2020-02-06,-0.00532959
2020-02-07,0.00746538
2020-02-10,0.00173336
2020-02-11,0.00644218
2020-02-12,-0.00106674
2020-02-13,0.00160212
2020-02-14,-0.00257701
2020-02-18,0.00478109
2020-02-19,-0.00410806
2020-02-20,-0.01029827
2020-02-21,-0.03316547
2020-02-24,-0.03030203
2020-02-25,-0.00367828
2020-02-26,-0.04491144
2020-02-27,-0.00420174
2020-02-28,0.04330645
2020-03-02,-0.02863236
2020-03-03,0.04203298
2020-03-04,-0.03324152
2020-03-05,-0.01653159
2020-03-06,-0.07809438
2020-03-09,0.05174491
2020-03-10,-0.04874827
2020-03-11,-0.09567724
2020-03-12,0.08548675
2020-03-13,-0.10942410
2020-03-16,0.05399224
2020-03-17,-0.05063292
2020-03-18,0.00212483
2020-03-19,-0.04309425
2020-03-20,-0.02556792
2020-03-23,0.09060311
2020-03-24,0.01497000
2020-03-25,0.05838997
2020-03-26,-0.02978583
2020-03-27,0.03247584
2020-03-30,-0.01490559
2020-03-31,-0.04500475
2020-04-01,0.02307557
2020-04-02,-0.01445435
2020-04-03,0.06716630
2020-04-06,0.00101957
2020-04-07,0.03356836
2020-04-08,0.01521741
2020-04-09,-0.00913039
2020-04-13,0.02949311
2020-04-14,-0.02124832
2020-04-15,0.00482444
2020-04-16,0.02701530
2020-04-17,-0.01761795
2020-04-20,-0.03036318
2020-04-21,0.02219456
2020-04-22,-0.00007179
2020-04-23,0.01393882
2020-04-24,0.01441822
2020-04-27,-0.00459850
2020-04-28,0.02617900
2020-04-29,-0.00931101
2020-04-30,-0.02647333
2020-05-01,0.00275826
2020-05-04,0.00923908
2020-05-05,-0.00677827
2020-05-06,0.01206629
2020-05-07,0.01654654
2020-05-08,0.00020499
2020-05-11,-0.01993169
2020-05-12,-0.01768566
2020-05-13,0.01196743
2020-05-14,0.00459685
2020-05-15,0.03045982
2020-05-18,-0.01027125
2020-05-19,0.01698789
2020-05-20,-0.00690397
2020-05-21,0.00189894
2020-05-22,0.01232057
2020-05-26,0.01487932
2020-05-27,-0.00184494
2020-05-28,0.00445579
2020-05-29,0.00404140
2020-06-01,0.00828039
2020-06-02,0.01330800
2020-06-03,-0.00262664
2020-06-04,0.02562994
2020-06-05,0.01208714
2020-06-08,-0.00745662
2020-06-09,-0.00557978
2020-06-10,-0.05764908
2020-06-11,0.01197603
2020-06-12,0.00933536
2020-06-15,0.01924790
2020-06-16,-0.00415408
2020-06-17,0.00038512
2020-06-18,-0.00571509
2020-06-19,0.00641519
2020-06-22,0.00460360
2020-06-23,-0.02550872
2020-06-24,0.01072079
2020-06-25,-0.02375146
2020-06-26,0.01469755
2020-06-29,0.01280952
2020-06-30,0.00700456
2020-07-01,0.00550717
2020-07-02,0.01543725
2020-07-06,-0.01031386
2020-07-07,0.00764860
2020-07-08,-0.00569299
2020-07-09,0.01021098
2020-07-10,-0.00865917
2020-07-13,0.01295884
2020-07-14,0.00918739
2020-07-15,-0.00329355
2020-07-16,0.00289902
2020-07-17,0.00808146
2020-07-20,0.00212780
2020-07-21,0.00569233
2020-07-22,-0.01193187
2020-07-23,-0.00644051
2020-07-24,0.00729244
2020-07-27,-0.00634229
2020-07-28,0.01229850
2020-07-29,-0.00356784
2020-07-30,0.00790222
2020-07-31,0.00695198
2020-08-03,0.00386288
2020-08-04,0.00621076
2020-08-05,0.00668455
2020-08-06,0.00071821
2020-08-07,0.00298886
2020-08-10,-0.00825466
2020-08-11,0.01394210
2020-08-12,-0.00180761
2020-08-13,0.00002966
2020-08-14,0.00317655
2020-08-17,0.00216050
2020-08-18,-0.00416358
2020-08-19,0.00311362
2020-08-20,0.00354698
2020-08-21,0.01013341
2020-08-24,0.00349928
2020-08-25,0.01002543
2020-08-26,0.00218678
2020-08-27,0.00645923
2020-08-28,-0.00362269
2020-08-31,0.00941864
2020-09-01,0.01446424
2020-09-02,-0.03441445
2020-09-03,-0.00816451
2020-09-04,-0.02732295
2020-09-08,0.01974715
2020-09-09,-0.01736333
2020-09-10,0.00050910
2020-09-11,0.01317112
2020-09-14,0.00505236
2020-09-15,-0.00396862
2020-09-16,-0.00879542
2020-09-17,-0.01151271
2020-09-18,-0.01112961
2020-09-21,0.01018483
2020-09-22,-0.02319102
2020-09-23,0.00266515
2020-09-24,0.01616716
2020-09-25,0.01660889
2020-09-28,-0.00544552
2020-09-29,0.00758183
2020-09-30,0.00641974
2020-10-01,-0.00949446
2020-10-02,0.01773334
2020-10-05,-0.01421607
2020-10-06,0.01740685
2020-10-07,0.00886255
2020-10-08,0.00893019
2020-10-09,0.01608749
2020-10-12,-0.00652611
2020-10-13,-0.00628345
2020-10-14,-0.00123571
2020-10-15,-0.00060440
2020-10-16,-0.01520370
2020-10-19,0.00400590
2020-10-20,-0.00189281
2020-10-21,0.00548519
2020-10-22,0.00339509
2020-10-23,-0.01848008
2020-10-26,-0.00344721
2020-10-27,-0.03417908
2020-10-28,0.01016373
2020-10-29,-0.01042485
2020-10-30,0.01120824
2020-11-02,0.01765610
2020-11-03,0.02234921
2020-11-04,0.01950275
2020-11-05,-0.00022824
2020-11-06,0.01256553
2020-11-09,-0.00146659
2020-11-10,0.00742862
2020-11-11,-0.00970083
2020-11-12,0.01384433
2020-11-13,0.01248273
2020-11-16,-0.00537852
2020-11-17,-0.01203468
2020-11-18,0.00421013
2020-11-19,-0.00684793
2020-11-20,0.00599453
2020-11-23,0.01611385
2020-11-24,-0.00154194
2020-11-25,0.00278527
2020-11-27,-0.00442738
2020-11-30,0.01093765
2020-12-01,0.00210360
2020-12-02,-0.00027256
2020-12-03,0.00861748
2020-12-04,-0.00205482
2020-12-07,0.00292601
2020-12-08,-0.00896890
2020-12-09,-0.00032713
2020-12-10,-0.00117237
2020-12-11,-0.00447709
2020-12-14,0.01351933
2020-12-15,0.00156922
2020-12-16,0.00559220
2020-12-17,-0.00399303
2020-12-18,-0.00357552
2020-12-21,-0.00168536
2020-12-22,0.00089869
2020-12-23,0.00389039
2020-12-24,0.00859088
2020-12-28,-0.00190801
2020-12-29,0.00142710
2020-12-30,0.00508057
2020-12-31,-0.01361393
2021-01-04,0.00688726
2021-01-05,0.00597848
2021-01-06,0.01485764
2021-01-07,0.00569774
2021-01-08,-0.00674073
2021-01-11,0.00021123
2021-01-12,0.00269292
2021-01-13,-0.00350224
2021-01-14,-0.00729265
2021-01-15,0.00785204
2021-01-19,0.01383885
2021-01-20,0.00091168
2021-01-21,-0.00353956
2021-01-22,0.00394383
2021-01-25,-0.00156099
2021-01-26,-0.02444014
2021-01-27,0.00860003
2021-01-28,-0.02001962
2021-01-29,0.01664534
2021-02-01,0.01414030
2021-02-02,0.00078656
2021-02-03,0.01136556
2021-02-04,0.00393585
2021-02-05,0.00722198
2021-02-08,-0.00066584
2021-02-09,-0.00043567
2021-02-10,0.00161510
2021-02-11,0.00493968
2021-02-12,-0.00086579
2021-02-16,0.00022949
2021-02-17,-0.00425612
2021-02-18,-0.00176604
2021-02-19,-0.00769175
2021-02-22,0.00121438
2021-02-23,0.01101924
2021-02-24,-0.02409574
2021-02-25,-0.00515264
2021-02-26,0.02424019
2021-03-01,-0.00780321
2021-03-02,-0.01324563
2021-03-03,-0.01237466
2021-03-04,0.01839658
2021-03-05,-0.00497884
2021-03-08,0.01427748
2021-03-09,0.00622446
2021-03-10,0.01013927
2021-03-11,0.00134665
2021-03-12,0.00596376
2021-03-15,-0.00126146
2021-03-16,0.00340986
2021-03-17,-0.01454951
2021-03-18,-0.00185054
2021-03-19,0.00798503
2021-03-22,-0.00787079
2021-03-23,-0.00508349
2021-03-24,0.00562566
2021-03-25,0.01611494
2021-03-26,-0.00050517
2021-03-29,-0.00265291
2021-03-30,0.00405337
2021-03-31,0.01079931
2021-04-01,0.01435276
2021-04-05,-0.00059045
2021-04-06,0.00115720
2021-04-07,0.00474700
2021-04-08,0.00727017
2021-04-09,0.00036438
2021-04-12,0.00296380
2021-04-13,-0.00341517
2021-04-14,0.01074232
2021-04-15,0.00334264
2021-04-16,-0.00491308
2021-04-19,-0.00732174
2021-04-20,0.00946234
2021-04-21,-0.00913321
2021-04-22,0.01084247
2021-04-23,0.00208773
2021-04-26,-0.00021566
2021-04-27,-0.00028745
2021-04-28,0.00637293
2021-04-29,-0.00657033
2021-04-30,0.00215648
2021-05-03,-0.00616954
2021-05-04,0.00031316
2021-05-05,0.00798538
2021-05-06,0.00727802
2021-05-07,-0.00990238
2021-05-10,-0.00892475
2021-05-11,-0.02124531
2021-05-12,0.01201263
2021-05-13,0.01535538
2021-05-14,-0.00254470
2021-05-17,-0.00861549
2021-05-18,-0.00262195
2021-05-19,0.01075814
2021-05-20,-0.00081874
2021-05-21,0.01019438
2021-05-24,-0.00221894
2021-05-25,0.00198454
2021-05-26,0.00052502
2021-05-27,0.00178880
2021-05-28,-0.00088077
2021-06-01,0.00157250
2021-06-02,-0.00371150
2021-06-03,0.00914586
2021-06-04,-0.00097023
2021-06-07,0.00021340
2021-06-08,-0.00149184
2021-06-09,0.00464811
2021-06-10,0.00165275
2021-06-11,0.00223885
2021-06-14,-0.00183420
2021-06-15,-0.00558336
2021-06-16,-0.00033143
2021-06-17,-0.01349056
2021-06-18,0.01431605
2021-06-21,0.00534609
2021-06-22,-0.00120546
2021-06-23,0.00591582
2021-06-24,0.00355215
2021-06-25,0.00201593
2021-06-28,0.00053802
2021-06-29,0.00084181
2021-06-30,0.00553661
2021-07-01,0.00764342
2021-07-02,-0.00182145
2021-07-06,0.00353399
2021-07-07,-0.00814796
2021-07-08,0.01067463
2021-07-09,0.00358212
2021-07-12,-0.00340893
2021-07-13,0.00149224
2021-07-14,-0.00341564
2021-07-15,-0.00784353
2021-07-16,-0.01476795
2021-07-19,0.01433046
2021-07-20,0.00809631
2021-07-21,0.00209415
2021-07-22,0.01028796
2021-07-23,0.00245465
2021-07-26,-0.00455731
2021-07-27,-0.00041021
2021-07-28,0.00414724
2021-07-29,-0.00485627
2021-07-30,-0.00209799
2021-08-02,0.00813541
2021-08-03,-0.00491874
2021-08-04,0.00633267
2021-08-05,0.00165261
2021-08-06,-0.00081367
2021-08-09,0.00124384
2021-08-10,0.00248503
2021-08-11,0.00299683
2021-08-12,0.00181995
2021-08-13,0.00235456
2021-08-16,-0.00655506
2021-08-17,-0.01094515
2021-08-18,0.00154840
2021-08-19,0.00795693
2021-08-20,0.00879655
2021-08-23,0.00158755
2021-08-24,0.00209836
2021-08-25,-0.00590317
2021-08-26,0.00894075
2021-08-27,0.00439764
2021-08-30,-0.00148145
2021-08-31,0.00053148
2021-09-01,0.00307652
2021-09-02,-0.00024281
2021-09-03,-0.00357545
2021-09-07,-0.00121828
2021-09-08,-0.00428010
2021-09-09,-0.00788467
2021-09-10,0.00255942
2021-09-13,-0.00539656
2021-09-14,0.00835260
2021-09-15,-0.00158520
2021-09-16,-0.00974119
2021-09-17,-0.01667416
2021-09-20,-0.00094452
2021-09-21,0.00975466
2021-09-22,0.01215020
2021-09-23,0.00164708
2021-09-24,-0.00286095
2021-09-27,-0.02015178
2021-09-28,0.00168308
2021-09-29,-0.01222223
2021-09-30,0.01188400
2021-10-01,-0.01289607
2021-10-04,0.01040517
2021-10-05,0.00415597
2021-10-06,0.00864561
2021-10-07,-0.00182374
2021-10-08,-0.00723966
2021-10-11,-0.00246144
2021-10-12,0.00359742
2021-10-13,0.01682050
2021-10-14,0.00761597
2021-10-15,0.00296059
2021-10-18,0.00771496
2021-10-19,0.00392759
2021-10-20,0.00260820
2021-10-21,-0.00103618
2021-10-22,0.00536281
2021-10-25,0.00089992
2021-10-26,-0.00442994
2021-10-27,0.00964882
2021-10-28,0.00202921
2021-10-29,0.00172005
2021-11-01,0.00404304
2021-11-02,0.00610537
2021-11-03,0.00471257
2021-11-04,0.00346945
2021-11-05,0.00085377
2021-11-08,-0.00330520
2021-11-09,-0.00804487
2021-11-10,0.00032342
2021-11-11,0.00754683
2021-11-12,0.00034237
2021-11-15,0.00395792
2021-11-16,-0.00242935
2021-11-17,0.00339635
2021-11-18,-0.00178812
2021-11-19,-0.00281524
2021-11-22,0.00132609
2021-11-23,0.00266984
2021-11-24,-0.02230321
2021-11-26,0.01226654
2021-11-29,-0.01945760
2021-11-30,-0.01110729
2021-12-01,0.01531634
2021-12-02,-0.00870129
2021-12-03,0.01184337
2021-12-06,0.02068468
2021-12-07,0.00264830
2021-12-08,-0.00675155
2021-12-09,0.00941344
2021-12-10,-0.00885853
2021-12-13,-0.00688010
2021-12-14,0.01562505
2021-12-15,-0.00881844
2021-12-16,-0.01064285
2021-12-17,-0.01063339
2021-12-20,0.01775903
2021-12-21,0.00999870
2021-12-22,0.00622196
2021-12-23,0.01415224
2021-12-27,-0.00081716
2021-12-28,0.00127915
2021-12-29,-0.00276462
2021-12-30,-0.00252023
2021-12-31,0.00579006
2022-01-03,-0.00033480
2022-01-04,-0.01920223
2022-01-05,-0.00093965
2022-01-06,-0.00395330
2022-01-07,-0.00124434
2022-01-10,0.00910830
2022-01-11,0.00270363
2022-01-12,-0.01377869
2022-01-13,0.00040890
2022-01-14,-0.01770959
2022-01-18,-0.01038353
2022-01-19,-0.01106797
2022-01-20,-0.01963072
2022-01-21,0.00424672
2022-01-24,-0.01220893
2022-01-25,-0.00250893
2022-01-26,-0.00493777
2022-01-27,0.02483537
2022-01-28,0.01801092
2022-01-31,0.00675706
2022-02-01,0.00971410
2022-02-02,-0.02350509
2022-02-03,0.00470229
2022-02-04,-0.00320920
2022-02-07,0.00822774
2022-02-08,0.01463621
2022-02-09,-0.01796564
2022-02-10,-0.01971868
2022-02-11,-0.00326938
2022-02-14,0.01612688
2022-02-15,0.00112070
2022-02-16,-0.02136129
2022-02-17,-0.00647512
2022-02-18,-0.01073167
2022-02-22,-0.01773863
2022-02-23,0.01504906
2022-02-24,0.02206415
2022-02-25,-0.00255847
2022-02-28,-0.01523053
2022-03-01,0.01839629
2022-03-02,-0.00497851
2022-03-03,-0.00812462
2022-03-04,-0.02947918
2022-03-07,-0.00758163
2022-03-08,0.02681079
2022-03-09,-0.00451543
2022-03-10,-0.01271511
2022-03-11,-0.00730842
2022-03-14,0.02199047
2022-03-15,0.02217420
2022-03-16,0.01251092
2022-03-17,0.01095279
2022-03-18,-0.00029238
2022-03-21,0.01170143
2022-03-22,-0.01287849
2022-03-23,0.01507448
2022-03-24,0.00488358
2022-03-25,0.00711299
2022-03-28,0.01237079
2022-03-29,-0.00617474
2022-03-30,-0.01539122
2022-03-31,0.00283422
2022-04-01,0.00856641
2022-04-04,-0.01263142
2022-04-05,-0.00999933
2022-04-06,0.00503896
2022-04-07,-0.00267384
2022-04-08,-0.01709244
2022-04-11,-0.00370522
2022-04-12,0.01145368
2022-04-13,-0.01245178
2022-04-14,0.00041100
2022-04-18,0.01614293
2022-04-19,-0.00074160
2022-04-20,-0.01495364
2022-04-21,-0.02743914
2022-04-22,0.00579768
2022-04-25,-0.02896081
2022-04-26,0.00281172
2022-04-27,0.02525935
2022-04-28,-0.03695552
2022-04-29,0.00601938
2022-05-02,0.00458393
2022-05-03,0.03045289
2022-05-04,-0.03554268
2022-05-05,-0.00596888
2022-05-06,-0.03201747
2022-05-09,0.00231054
2022-05-10,-0.01588607
2022-05-11,-0.00104388
2022-05-12,0.02390780
2022-05-13,-0.00405747
2022-05-16,0.02057039
2022-05-17,-0.04031156
2022-05-18,-0.00612466
2022-05-19,0.00043640
2022-05-20,0.01871033
2022-05-23,-0.00763397
2022-05-24,0.00883499
2022-05-25,0.01998151
2022-05-26,0.02454908
2022-05-27,-0.00561103
2022-05-31,-0.00808848
2022-06-01,0.01904346
2022-06-02,-0.01641160
2022-06-03,0.00304492
2022-06-06,0.00959203
2022-06-07,-0.01087226
2022-06-08,-0.02378258
2022-06-09,-0.02899574
2022-06-10,-0.03796827
2022-06-13,-0.00301325
2022-06-14,0.01425621
2022-06-15,-0.03309584
2022-06-16,0.00215566
2022-06-17,0.02517367
2022-06-21,-0.00181302
2022-06-22,0.00980262
2022-06-23,0.03179394
2022-06-24,-0.00381981
2022-06-27,-0.02043269
2022-06-28,-0.00081466
2022-06-29,-0.00812423
2022-06-30,0.01057655
2022-07-01,0.00188853
2022-07-05,0.00337730
2022-07-06,0.01497711
2022-07-07,-0.00082256
2022-07-08,-0.01142347
2022-07-11,-0.00884913
2022-07-12,-0.00525139
2022-07-13,-0.00242868
2022-07-14,0.01910529
2022-07-15,-0.00825706
2022-07-18,0.02701928
2022-07-19,0.00637301
2022-07-20,0.01018319
2022-07-21,-0.00927795
2022-07-22,0.00121483
2022-07-25,-0.01183096
2022-07-26,0.02596627
2022-07-27,0.01254236
2022-07-28,0.01457884
2022-07-29,-0.00296117
2022-08-01,-0.00659753
2022-08-02,0.01565971
2022-08-03,-0.00067565
2022-08-04,-0.00169019
2022-08-05,-0.00116106
2022-08-08,-0.00397083
2022-08-09,0.02100385
2022-08-10,0.00000000
2022-08-11,0.01692910
2022-08-12,0.00412074
2022-08-15,0.00195885
2022-08-16,-0.00709818
2022-08-17,0.00290634
2022-08-18,-0.01343797
2022-08-19,-0.02082248
2022-08-22,-0.00241904
2022-08-23,0.00320103
2022-08-24,0.01411757
2022-08-25,-0.03384913
2022-08-26,-0.00661204
2022-08-29,-0.01097798
2022-08-30,-0.00760906
2022-08-31,0.00313779
2022-09-01,-0.01054434
2022-09-02,-0.00377322
2022-09-06,0.01796494
2022-09-07,0.00653646
2022-09-08,0.01553519
2022-09-09,0.01074774
2022-09-12,-0.04348255
2022-09-13,0.00381581
2022-09-14,-0.01135335
2022-09-15,-0.00762870
2022-09-16,0.00775464
2022-09-19,-0.01147846
2022-09-20,-0.01744369
2022-09-21,-0.00839994
2022-09-22,-0.01675474
2022-09-23,-0.00989286
2022-09-26,-0.00255268
2022-09-27,0.01967637
2022-09-28,-0.02088883
2022-09-29,-0.01546367
2022-09-30,0.02640125
2022-10-03,0.03098656
2022-10-04,-0.00232817
2022-10-05,-0.01031572
2022-10-06,-0.02789384
2022-10-07,-0.00763542
2022-10-10,-0.00633297
2022-10-11,-0.00329840
2022-10-12,0.02639123
2022-10-13,-0.02278889
2022-10-14,0.02569688
2022-10-17,0.01174960
2022-10-18,-0.00708632
2022-10-19,-0.00838547
2022-10-20,0.02430155
2022-10-21,0.01223640
2022-10-24,0.01596864
2022-10-25,-0.00753424
2022-10-26,-0.00534006
2022-10-27,0.02379085
2022-10-28,-0.00722342
2022-10-31,-0.00437577
2022-11-01,-0.02509602
2022-11-02,-0.01029707
2022-11-03,0.01439313
2022-11-04,0.00956559
2022-11-07,0.00539543
2022-11-08,-0.02060208
2022-11-09,0.05495426
2022-11-10,0.00967847
2022-11-11,-0.00850671
2022-11-14,0.00852891
2022-11-15,-0.00762871
2022-11-16,-0.00305970
2022-11-17,0.00454023
2022-11-18,-0.00363623
2022-11-21,0.01345719
2022-11-22,0.00630170
2022-11-23,-0.00022386
2022-11-25,-0.01595702
2022-11-28,-0.00171738
2022-11-29,0.03150046
2022-11-30,-0.00073585
2022-12-01,-0.00115369
2022-12-02,-0.01798931
2022-12-05,-0.01441453
2022-12-06,-0.00170142
2022-12-07,0.00783404
2022-12-08,-0.00747011
2022-12-09,0.01441698
2022-12-12,0.00756986
2022-12-13,-0.00639352
2022-12-14,-0.02446160
2022-12-15,-0.01180615
2022-12-16,-0.00847963
2022-12-19,0.00136845
2022-12-20,0.01495231
2022-12-21,-0.01426612
2022-12-22,0.00575225
2022-12-23,-0.00394343
2022-12-27,-0.01242788
2022-12-28,0.01800027
2022-12-29,-0.00263407
2022-12-30,-0.00420985
2023-01-03,0.00772010
2023-01-04,-0.01141329
2023-01-05,0.02293225
2023-01-06,-0.00056712
2023-01-09,0.00701286
2023-01-10,0.01264781
2023-01-11,0.00364100
2023-01-12,0.00387937
2023-01-13,-0.00183203
2023-01-17,-0.01578797
2023-01-18,-0.00727974
2023-01-19,0.01862900
2023-01-20,0.01199849
2023-01-23,-0.00107319
2023-01-24,0.00037483
2023-01-25,0.01099038
2023-01-26,0.00229753
2023-01-27,-0.01254673
2023-01-30,0.01470349
2023-01-31,0.01062778
2023-02-01,0.01455696
2023-02-02,-0.01062920
2023-02-03,-0.00611121
2023-02-06,0.01307850
2023-02-07,-0.01093469
2023-02-08,-0.00866927
2023-02-09,0.00233362
2023-02-10,0.01173906
2023-02-13,-0.00046013
2023-02-14,0.00324730
2023-02-15,-0.01376891
2023-02-16,-0.00249816
2023-02-17,-0.02006073
2023-02-21,-0.00137825
2023-02-22,0.00531936
2023-02-23,-0.01068230
2023-02-24,0.00340567
2023-02-27,-0.00369590
2023-02-28,-0.00383590
2023-03-01,0.00777728
2023-03-02,0.01603790
2023-03-03,0.00069269
2023-03-06,-0.01532868
2023-03-07,0.00163208
2023-03-08,-0.01844991
2023-03-09,-0.01442940
2023-03-10,-0.00142533
2023-03-13,0.01653009
2023-03-14,-0.00625415
2023-03-15,0.01754504
2023-03-16,-0.01169266
2023-03-17,0.00961551
2023-03-20,0.01313065
2023-03-21,-0.01704643
2023-03-22,0.00270323
2023-03-23,0.00656205
2023-03-24,0.00186977
2023-03-27,-0.00224454
2023-03-28,0.01453486
2023-03-29,0.00585531
2023-03-30,0.01409451
2023-03-31,0.00381052
2023-04-03,-0.00554810
2023-04-04,-0.00261823
2023-04-05,0.00390083
2023-04-06,0.00102648
2023-04-10,0.00026852
2023-04-11,-0.00407598
2023-04-12,0.01328275
2023-04-13,-0.00244278
2023-04-14,0.00358820
2023-04-17,0.00065232
2023-04-18,-0.00016908
2023-04-19,-0.00545717
2023-04-20,0.00077716
2023-04-21,0.00104300
2023-04-24,-0.01587385
2023-04-25,-0.00423560
2023-04-26,0.01990818
2023-04-27,0.00853515
2023-04-28,-0.00100977
2023-05-01,-0.01123913
2023-05-02,-0.00686399
2023-05-03,-0.00708316
2023-05-04,0.01851258
2023-05-05,0.00026663
2023-05-08,-0.00438537
2023-05-09,0.00467235
2023-05-10,-0.00174390
2023-05-11,-0.00131021
2023-05-12,0.00345007
2023-05-15,-0.00668271
2023-05-16,0.01213904
2023-05-17,0.00963310
2023-05-18,-0.00145501
2023-05-19,0.00040601
2023-05-22,-0.01122279
2023-05-23,-0.00724471
2023-05-24,0.00865982
2023-05-25,0.01295064
2023-05-26,0.00038086
2023-05-30,-0.00554503
2023-05-31,0.00950093
2023-06-01,0.01446118
2023-06-02,-0.00191631
2023-06-05,0.00217744
2023-06-06,-0.00345768
2023-06-07,0.00604853
2023-06-08,0.00179436
2023-06-09,0.00907178
2023-06-12,0.00659301
2023-06-13,0.00119083
2023-06-14,0.01239763
2023-06-15,-0.00340619
2023-06-16,-0.00518820
2023-06-20,-0.00512363
2023-06-21,0.00360974
2023-06-22,-0.00756006
2023-06-23,-0.00408575
2023-06-26,0.01096315
2023-06-27,0.00050449
2023-06-28,0.00394143
2023-06-29,0.01180068
2023-06-30,0.00115056
2023-07-03,-0.00148727
2023-07-05,-0.00783068
2023-07-06,-0.00252471
2023-07-07,0.00253110
2023-07-10,0.00636852
2023-07-11,0.00804589
2023-07-12,0.00793687
2023-07-13,-0.00062280
2023-07-14,0.00347222
2023-07-17,0.00743070
2023-07-18,0.00222364
2023-07-19,-0.00663450
2023-07-20,0.00000000
2023-07-21,0.00446732
2023-07-24,0.00273011
2023-07-25,0.00015369
2023-07-26,-0.00662999
2023-07-27,0.00979036
2023-07-28,0.00190410
2023-07-31,-0.00286167
2023-08-01,-0.01391075
2023-08-02,-0.00286591
2023-08-03,-0.00452282
2023-08-04,0.00872863
2023-08-07,-0.00434861
2023-08-08,-0.00668527
2023-08-09,0.00035882
2023-08-10,-0.00058302
2023-08-11,0.00552008
2023-08-14,-0.01164895
2023-08-15,-0.00733809
2023-08-16,-0.00761993
2023-08-17,0.00048138
2023-08-18,0.00650625
2023-08-21,-0.00270861
2023-08-22,0.01113772
2023-08-23,-0.01385894
2023-08-24,0.00704969
2023-08-25,0.00634140
2023-08-28,0.01445477
2023-08-29,0.00411888
2023-08-30,-0.00146360
2023-08-31,0.00186540
2023-09-01,-0.00432212
2023-09-05,-0.00672231
2023-09-06,-0.00307028
2023-09-07,0.00150604
2023-09-08,0.00657669
2023-09-11,-0.00548554
2023-09-12,0.00116590
2023-09-13,0.00862234
2023-09-14,-0.01204824
2023-09-15,0.00058641
2023-09-18,-0.00207380
2023-09-19,-0.00919339
2023-09-20,-0.01652837
2023-09-21,-0.00224846
2023-09-22,0.00420528
2023-09-25,-0.01469128
2023-09-26,0.00039901
2023-09-27,0.00579752
2023-09-28,-0.00242702
2023-09-29,-0.00039766
2023-10-02,-0.01338600
2023-10-03,0.00728193
2023-10-04,-0.00037679
2023-10-05,0.01187286
2023-10-06,0.00640207
2023-10-09,0.00520495
2023-10-10,0.00409624
2023-10-11,-0.00609645
2023-10-12,-0.00498088
2023-10-13,0.01052153
2023-10-16,-0.00004588
2023-10-17,-0.01332517
2023-10-18,-0.00878644
2023-10-19,-0.01228818
2023-10-20,-0.00173296
2023-10-23,0.00753932
2023-10-24,-0.01435213
2023-10-25,-0.01197466
2023-10-26,-0.00453275
2023-10-27,0.01195582
2023-10-30,0.00628017
2023-10-31,0.01066480
2023-11-01,0.01916442
2023-11-02,0.00912342
2023-11-03,0.00230038
2023-11-06,0.00284601
2023-11-07,0.00073241
2023-11-08,-0.00779868
2023-11-09,0.01560472
2023-11-10,-0.00095316
2023-11-13,0.01940074
2023-11-14,0.00211713
2023-11-15,0.00122300
2023-11-16,0.00124396
2023-11-17,0.00769750
2023-11-20,-0.00217937
2023-11-21,0.00386081
2023-11-22,0.00061530
2023-11-24,-0.00180102
2023-11-27,0.00099027
2023-11-28,-0.00070350
2023-11-29,0.00393744
2023-11-30,0.00591596
2023-12-01,-0.00524951
2023-12-04,-0.00019708
2023-12-05,-0.00402971
2023-12-06,0.00763031
2023-12-07,0.00429918
2023-12-08,0.00388961
2023-12-11,0.00456729
2023-12-12,0.01379015
2023-12-13,0.00320948
2023-12-14,-0.00164666
2023-12-15,0.00562517
2023-12-18,0.00608086
2023-12-19,-0.01385726
2023-12-20,0.00948181
2023-12-21,0.00200964
2023-12-22,0.00422260
2023-12-26,0.00180812
2023-12-27,0.00037775
2023-12-28,-0.00289501
